{
  "train_wide": {
    "MSE": 7.007219157873476e-09,
    "RMSE": 8.370913425590709e-05,
    "MAE": 6.322010624874898e-05,
    "MAPE": 205.41846785766307,
    "R2": 0.9999998540119727
  },
  "test_wide": {
    "MSE": 7.229620799702107e-09,
    "RMSE": 8.502717683012948e-05,
    "MAE": 6.41479165017069e-05,
    "MAPE": 211.8178312104847,
    "R2": 0.9999998487844936
  },
  "test_narrow": {
    "MSE": 6.386573593599052e-09,
    "RMSE": 7.99160409029317e-05,
    "MAE": 6.10870485027151e-05,
    "MAPE": 154.11823767135215,
    "R2": 0.9999998077422607
  }
}