{
  "cases": [
    0,
    1,
    2,
    3,
    4,
    5,
    6
  ],
  "multipliers": [
    0.125,
    0.25,
    0.5,
    1,
    2,
    4,
    8
  ],
  "train_mse_mean": [
    0.0030884531792253257,
    0.0007078752435821419,
    9.390891670288208e-05,
    2.3898055034502858e-05,
    8.202971395121495e-06,
    2.4462632573455553e-06,
    8.722646513385706e-07
  ],
  "train_mse_std": [
    0.0007399661398014073,
    0.0003612917132975087,
    1.685174052697273e-05,
    3.657750196796168e-06,
    8.097366859116903e-07,
    1.2460979559997331e-07,
    4.6783205404795807e-08
  ],
  "test_mse_mean": [
    0.0031561223255412185,
    0.0007471109005431022,
    0.0001063815026009855,
    2.6870147331847696e-05,
    8.799196421745519e-06,
    2.5817303219080057e-06,
    9.367280483688681e-07
  ],
  "test_mse_std": [
    0.000762278826788113,
    0.00036168851727312455,
    1.7598681518750908e-05,
    3.5963939645994297e-06,
    9.113098407222445e-07,
    1.3535855994591423e-07,
    4.6519425876960766e-08
  ],
  "r2_mean": [
    0.9544654511833712,
    0.9892211535982269,
    0.998465194557204,
    0.9996123344062141,
    0.9998730507256418,
    0.9999627524179202,
    0.9999864854765923
  ],
  "r2_std": [
    0.01099767970631929,
    0.0052182145517325725,
    0.00025390271354150737,
    5.188651124821075e-05,
    1.3147805487017578e-05,
    1.952868209752575e-06,
    6.71153032107011e-07
  ]
}