{
  "case1": {
    "MSE": 2.9482254072813694e-07,
    "RMSE": 0.0005429756354829717,
    "MAE": 0.0004171386855094625,
    "MAPE": 0.0013280783766086608,
    "R2": 0.9399777603095558
  },
  "case2": {
    "MSE": 1.8907456574029724e-07,
    "RMSE": 0.00043482705267761026,
    "MAE": 0.00034620442374640257,
    "MAPE": 0.0011050090321808746,
    "R2": 0.9336403913010506
  },
  "surface": {
    "MSE": 1.8732050923574042e-07,
    "RMSE": 0.0004328053941851238,
    "MAE": 0.0003434444370183801,
    "MAPE": 0.0010943949006735904,
    "R2": 0.9565116305485584
  }
}