{
  "train": {
    "MSE": 1.8841729069249533e-08,
    "RMSE": 0.0001372651779194182,
    "MAE": 8.623329646567857e-05,
    "MAPE": 33.98364794384942,
    "R2": 0.999999181983112
  },
  "test": {
    "MSE": 2.3450114867699262e-08,
    "RMSE": 0.00015313430336700938,
    "MAE": 9.098769482759031e-05,
    "MAPE": 11.395847069988443,
    "R2": 0.9999989834143951
  }
}