{
  "without_scaling": {
    "MSE": 1.525582645621368e-05,
    "RMSE": 0.0039058707679867854,
    "MAE": 0.0016076440501509852,
    "MAPE": 0.006532990596385596,
    "R2": 0.999780175543756
  },
  "with_scaling": {
    "MSE": 1.3149836329375804e-07,
    "RMSE": 0.00036262703056137176,
    "MAE": 0.0002775394315139058,
    "MAPE": 0.0007825571372052749,
    "R2": 0.9999981052120454
  }
}